ResponseID,V2,V3,V4,V5,V6,V7,V8,V9,V10,Consent,Instr,v_modc,prom_modc,inc_modc,Time_modc_1,Time_modc_2,Time_modc_3,Time_modc_4,rel1_modc,rel2_modc,vign_nonc,prom_nonc,inc_nonc,Time_nonc_1,Time_nonc_2,Time_nonc_3,Time_nonc_4,rel1_nonc,rel2_nonc,v_modr,prom_modr,true_modr,time_modr_1,time_modr_2,time_modr_3,time_modr_4,rel1_modr,rel2_modr,vign_nonr,prom_nonr,true_nonr,time_nonr_1,time_nonr_2,time_nonr_3,time_nonr_4,rel1_nonr,rel2_nonr,vign-indc,prom_indc,true_indc,time_indc_1,time_indc_2,time_indc_3,time_indc_4,rel1_indc,rel2_indc,vign_inda,prom_inda,true_inda,time_inda_1,time_inda_2,time_inda_3,time_inda_4,rel1_inda,rel2_inda,DemoInstr,Age,Gender,Gender_TEXT,Ethnicity,Ethnicity_TEXT,Education,SES,CodeInstr,DO-BR-FL_17,LocationLatitude,LocationLongitude,LocationAccuracy
R_3PFx6ChJeVKrQU3,Default Response Set,Anonymous,,,,0,3/23/2017 18:37,3/23/2017 18:39,1,1,1,,,,,,,,,,,,,,,,,,,,,,,,,,,,,,,,,,,,,,,,,,,,,,1,1,7,7.064,67.178,68.356,2,3,3,,23,1,,5,,4,6,,Indexical-R,,,
R_31QyEw8yyx10Q7E,Default Response Set,Anonymous,,,,0,3/23/2017 18:36,3/23/2017 18:39,1,1,1,,,,,,,,,,,,,,,,,,,,,,,,,,,,,,,,,,,,,1,1,6,127.578,127.578,129.275,1,1,2,,,,,,,,,,,35,2,,5,,4,6,,Indexical-C,,,
R_2aUA07FylnuKyJd,Default Response Set,Anonymous,,,,0,3/23/2017 18:38,3/23/2017 18:40,1,1,1,1,1,6,45.207,48.583,49.795,2,2,2,,,,,,,,,,,,,,,,,,,,,,,,,,,,,,,,,,,,,,,,,,,,,,,38,2,,5,,5,7,,MODAL-C,,,
R_231zWY60NmJjMVK,Default Response Set,Anonymous,,,,0,3/23/2017 18:39,3/23/2017 18:40,1,1,1,,,,,,,,,,1,1,7,28.687,33.715,34.042,5,2,2,,,,,,,,,,,,,,,,,,,,,,,,,,,,,,,,,,,,,,27,1,,5,,5,7,,NONMODAL-C,,,
R_0JkWvZhUA556Ixz,Default Response Set,Anonymous,,,,0,3/23/2017 18:38,3/23/2017 18:42,1,1,1,,,,,,,,,,,,,,,,,,,,,,,,,,,,1,1,7,73.537,73.537,127.627,1,1,2,,,,,,,,,,,,,,,,,,,,36,1,,5,,8,4,,NONMODAL-R,,,
R_PIjNPPPnWARSGzf,Default Response Set,Anonymous,,,,0,3/23/2017 18:42,3/23/2017 18:44,1,1,1,,,,,,,,,,1,1,6,47.217,48.55,49.273,3,1,1,,,,,,,,,,,,,,,,,,,,,,,,,,,,,,,,,,,,,,49,2,,5,,4,7,,NONMODAL-C,,,
R_1gC6N9sE0vLwZIj,Default Response Set,Anonymous,,,,0,3/23/2017 18:40,3/23/2017 18:45,1,1,1,,,,,,,,,,,,,,,,,,,1,1,6,171.187,171.187,171.973,1,1,2,,,,,,,,,,,,,,,,,,,,,,,,,,,,,53,2,,5,,4,9,,MODAL-R,,,
R_2aODfvFQ9IhCrzM,Default Response Set,Anonymous,,,,0,3/23/2017 18:45,3/23/2017 18:45,1,1,1,,,,,,,,,,,,,,,,,,,,,,,,,,,,,,,,,,,,,1,1,1,0,0,3.189,0,1,1,,,,,,,,,,,25,1,,2,,4,7,,Indexical-C,,,
R_SUUOCzzSoo0BvVL,Default Response Set,Anonymous,,,,0,3/23/2017 18:41,3/23/2017 18:46,1,1,1,,,,,,,,,,,,,,,,,,,,,,,,,,,,,,,,,,,,,,,,,,,,,,1,1,4,49.564,56.463,62.834,2,1,3,,25,2,,1,,4,6,,Indexical-R,,,
R_2TYv3MGQyBGaJ4k,Default Response Set,Anonymous,,,,0,3/23/2017 18:46,3/23/2017 18:48,1,1,1,,,,,,,,,,,,,,,,,,,1,1,5,15.422,54.462,55.636,4,2,2,,,,,,,,,,,,,,,,,,,,,,,,,,,,,24,,,,,,,,MODAL-R,,,
R_ykj5gHk5rYfLoIh,Default Response Set,Anonymous,,,,0,3/23/2017 18:46,3/23/2017 18:51,1,1,1,1,1,2,51.061,97.976,103.32,2,1,2,,,,,,,,,,,,,,,,,,,,,,,,,,,,,,,,,,,,,,,,,,,,,,,66,1,,5,,6,5,,MODAL-C,,,
R_1lc5VqEvtZXRKPh,Default Response Set,Anonymous,,,,0,3/23/2017 18:52,3/23/2017 18:55,1,1,1,,,,,,,,,,,,,,,,,,,1,1,7,66.633,66.633,73.444,1,1,2,,,,,,,,,,,,,,,,,,,,,,,,,,,,,48,1,,5,,2,8,,MODAL-R,,,
R_A4mFk7SY3kbhz5D,Default Response Set,Anonymous,,,,0,3/23/2017 18:53,3/23/2017 18:57,1,1,1,,,,,,,,,,,,,,,,,,,,,,,,,,,,,,,,,,,,,,,,,,,,,,1,1,2,5.923,138.907,151.273,4,3,3,,47,2,,5,,5,5,,Indexical-R,,,
R_2YmoNgm9HVitRUs,Default Response Set,Anonymous,,,,0,3/23/2017 18:54,3/23/2017 18:57,1,1,1,,,,,,,,,,,,,,,,,,,,,,,,,,,,,,,,,,,,,1,1,1,93.727,119.905,124.83,3,2,2,,,,,,,,,,,49,2,,5,,3,6,,Indexical-C,,,
R_3ilN8HFMtHs0W51,Default Response Set,Anonymous,,,,0,3/23/2017 18:56,3/23/2017 18:58,1,1,1,1,1,1,16.863,62.243,85.72,17,2,2,,,,,,,,,,,,,,,,,,,,,,,,,,,,,,,,,,,,,,,,,,,,,,,27,1,,5,,4,8,,MODAL-C,,,
R_1LvXGLiYqiJklsP,Default Response Set,Anonymous,,,,0,3/23/2017 18:59,3/23/2017 19:03,1,1,1,,,,,,,,,,,,,,,,,,,,,,,,,,,,1,1,6,125.407,129.035,130.514,2,1,2,,,,,,,,,,,,,,,,,,,,54,2,,5,,2,6,,NONMODAL-R,,,
R_xixmiv9XaNfpBnz,Default Response Set,Anonymous,,,,0,3/23/2017 19:02,3/23/2017 19:03,1,1,1,,,,,,,,,,1,1,7,8.312,30.34,31.255,11,2,2,,,,,,,,,,,,,,,,,,,,,,,,,,,,,,,,,,,,,,31,1,,5,,5,6,,NONMODAL-C,,,
R_WugqhiGKoNTKdOx,Default Response Set,Anonymous,,,,0,3/23/2017 19:02,3/23/2017 19:05,1,1,1,1,1,6,14.203,105.88,106.759,11,1,2,,,,,,,,,,,,,,,,,,,,,,,,,,,,,,,,,,,,,,,,,,,,,,,47,2,,5,,5,3,,MODAL-C,,,
R_12xR6VZEq2ELJW9,Default Response Set,Anonymous,,,,0,3/23/2017 19:08,3/23/2017 19:10,1,1,1,,,,,,,,,,,,,,,,,,,1,1,4,17.35,17.35,18.159,1,2,2,,,,,,,,,,,,,,,,,,,,,,,,,,,,,30,2,,5,,6,6,,MODAL-R,,,
R_2xDb40JAgVwnN3p,Default Response Set,Anonymous,,,,0,3/23/2017 19:09,3/23/2017 19:10,1,1,1,,,,,,,,,,,,,,,,,,,,,,,,,,,,1,1,4,7.677,21.799,23.022,5,2,1,,,,,,,,,,,,,,,,,,,,27,1,,2,,5,8,,NONMODAL-R,,,
R_3ExUce3sfhzrvg8,Default Response Set,Anonymous,,,,0,3/23/2017 19:09,3/23/2017 19:12,1,1,1,,,,,,,,,,,,,,,,,,,,,,,,,,,,,,,,,,,,,,,,,,,,,,1,1,4,73.917,104.981,106.277,3,3,3,,41,1,,5,,2,9,,Indexical-R,,,
R_2VyYwefhMCkwtp3,Default Response Set,Anonymous,,,,0,3/23/2017 19:15,3/23/2017 19:17,1,1,1,,,,,,,,,,,,,,,,,,,,,,,,,,,,,,,,,,,,,1,1,4,3.978,42.56,47.221,13,1,2,,,,,,,,,,,26,1,,5,,4,5,,Indexical-C,,,
R_3ptdWf9HOSuwogc,Default Response Set,Anonymous,,,,0,3/23/2017 19:19,3/23/2017 19:20,1,1,1,,,,,,,,,,,,,,,,,,,,,,,,,,,,,,,,,,,,,,,,,,,,,,1,1,6,51.606,51.606,52.741,1,3,3,,44,1,,5,,6,5,,Indexical-R,,,
R_79S8RmqGywkbjDH,Default Response Set,Anonymous,,,,0,3/23/2017 19:51,3/23/2017 19:53,1,1,1,,,,,,,,,,,,,,,,,,,,,,,,,,,,1,1,4,14.817,49.181,49.897,7,1,2,,,,,,,,,,,,,,,,,,,,25,2,,5,,5,4,,NONMODAL-R,,,
R_3mj895YICFq2KvD,Default Response Set,Anonymous,,,,0,3/23/2017 19:53,3/23/2017 19:56,1,1,1,,,,,,,,,,,,,,,,,,,,,,,,,,,,,,,,,,,,,1,1,1,65.845,67.613,80.709,2,1,1,,,,,,,,,,,58,2,,5,,3,7,,Indexical-C,,,
R_01ZClgqJ2zL5y9P,Default Response Set,Anonymous,,,,0,3/23/2017 20:04,3/23/2017 20:05,1,1,1,,,,,,,,,,,,,,,,,,,1,1,4,6.321,13.968,27.112,2,1,2,,,,,,,,,,,,,,,,,,,,,,,,,,,,,,,,,,,,,MODAL-R,,,
R_BWC2ixrriBTrhxn,Default Response Set,Anonymous,,,,0,3/23/2017 20:04,3/23/2017 20:05,1,1,1,,,,,,,,,,,,,,,,,,,1,1,6,2.265,31.447,32.038,6,1,2,,,,,,,,,,,,,,,,,,,,,,,,,,,,,25,2,,,,2,4,,MODAL-R,,,
R_1pzLj9pqKuMBnuI,Default Response Set,Anonymous,,,,0,3/23/2017 20:06,3/23/2017 20:10,1,1,1,1,1,6,68.528,115.108,123.653,3,2,2,,,,,,,,,,,,,,,,,,,,,,,,,,,,,,,,,,,,,,,,,,,,,,,54,2,,5,,2,6,,MODAL-C,,,
R_2QAGGqIkfrot1ok,Default Response Set,Anonymous,,,,0,3/23/2017 20:33,3/23/2017 20:36,1,1,1,,,,,,,,,,,,,,,,,,,,,,,,,,,,,,,,,,,,,,,,,,,,,,1,1,6,112.096,112.528,115.842,2,3,3,,22,2,,5,,5,6,,Indexical-R,,,
R_31vC7G0nvIzWeij,Default Response Set,Anonymous,,,,0,3/23/2017 20:51,3/23/2017 20:51,1,1,1,,,,,,,,,,,,,,,,,,,,,,,,,,,,1,1,4,1.611,3.405,4.06,4,1,2,,,,,,,,,,,,,,,,,,,,24,1,,2,,6,6,,NONMODAL-R,,,
R_Ti1rRYkZgjzvZBf,Default Response Set,Anonymous,,,,0,3/23/2017 20:57,3/23/2017 21:00,1,1,1,,,,,,,,,,,,,,,,,,,,,,,,,,,,,,,,,,,,,1,1,3,88.381,119.755,121.394,2,1,2,,,,,,,,,,,52,2,,5,,6,6,,Indexical-C,,,
R_1q3SVkGIDI4Azvv,Default Response Set,Anonymous,,,,0,3/23/2017 21:08,3/23/2017 21:10,1,1,1,1,1,7,44.063,44.063,44.83,1,1,2,,,,,,,,,,,,,,,,,,,,,,,,,,,,,,,,,,,,,,,,,,,,,,,29,1,,2,,5,6,,MODAL-C,,,
R_s7D5xQgjPFiPHoJ,Default Response Set,Anonymous,,,,0,3/23/2017 21:35,3/23/2017 21:38,1,1,1,,,,,,,,,,,,,,,,,,,,,,,,,,,,1,1,7,47.59,72.627,74.208,14,2,2,,,,,,,,,,,,,,,,,,,,31,1,,5,,5,9,,NONMODAL-R,,,
R_1Fx3hybiyVbdVhl,Default Response Set,Anonymous,,,,0,3/23/2017 21:40,3/23/2017 21:41,1,1,1,,,,,,,,,,,,,,,,,,,,,,,,,,,,,,,,,,,,,1,1,1,42.592,42.592,45.366,1,1,2,,,,,,,,,,,27,1,,5,,4,9,,Indexical-C,,,
R_1OIAtw63e8HpPhD,Default Response Set,Anonymous,,,,0,3/23/2017 21:47,3/23/2017 21:49,1,1,1,,,,,,,,,,1,1,7,46.89,46.89,49.936,1,1,2,,,,,,,,,,,,,,,,,,,,,,,,,,,,,,,,,,,,,,32,2,,5,,2,7,,NONMODAL-C,,,
R_qCmyjXN8HgJFkUF,Default Response Set,Anonymous,,,,0,3/23/2017 21:51,3/23/2017 21:53,1,1,1,,,,,,,,,,,,,,,,,,,,,,,,,,,,,,,,,,,,,,,,,,,,,,1,1,7,70.581,70.581,90.197,1,3,3,,22,1,,3,,5,5,,Indexical-R,,,
R_2Pv81UyEdCmJarx,Default Response Set,Anonymous,,,,0,3/23/2017 21:51,3/23/2017 21:56,1,1,1,1,1,3,20.787,68.55,69.367,15,1,2,,,,,,,,,,,,,,,,,,,,,,,,,,,,,,,,,,,,,,,,,,,,,,,32,1,,5,,4,8,,MODAL-C,,,
R_3KD4x5MfKLQLg5L,Default Response Set,Anonymous,,,,0,3/23/2017 21:55,3/23/2017 21:57,1,1,1,1,1,4,49.146,49.146,50.044,1,2,1,,,,,,,,,,,,,,,,,,,,,,,,,,,,,,,,,,,,,,,,,,,,,,,32,1,,5,,4,6,,MODAL-C,,,
R_1X3o7TC3xIWQBLr,Default Response Set,Anonymous,,,,0,3/23/2017 21:54,3/23/2017 21:58,1,1,1,,,,,,,,,,,,,,,,,,,1,1,1,71.719,100.761,102.597,10,1,2,,,,,,,,,,,,,,,,,,,,,,,,,,,,,26,2,,5,,5,5,,MODAL-R,,,
R_2DRYIt77BHxLpsL,Default Response Set,Anonymous,,,,0,3/23/2017 21:55,3/23/2017 21:58,1,1,1,,,,,,,,,,,,,,,,,,,,,,,,,,,,,,,,,,,,,1,1,1,122.955,136.348,137.057,2,1,1,,,,,,,,,,,28,1,,5,,5,4,,Indexical-C,,,
R_WjHe4u9xxJh5not,Default Response Set,Anonymous,,,,0,3/23/2017 22:03,3/23/2017 22:05,1,1,1,,,,,,,,,,,,,,,,,,,,,,,,,,,,1,1,7,62.404,62.404,63.529,1,1,2,,,,,,,,,,,,,,,,,,,,43,2,,5,,5,3,,NONMODAL-R,,,
R_3M4lBNolvrLgMOU,Default Response Set,Anonymous,,,,0,3/23/2017 22:07,3/23/2017 22:11,1,1,1,,,,,,,,,,1,1,7,74.965,75.102,81.651,2,2,2,,,,,,,,,,,,,,,,,,,,,,,,,,,,,,,,,,,,,,48,1,,5,,4,8,,NONMODAL-C,,,
R_1IyCnFqhbx5jMYY,Default Response Set,Anonymous,,,,0,3/23/2017 22:11,3/23/2017 22:15,1,1,1,,,,,,,,,,,,,,,,,,,1,1,7,54.011,165.831,167.305,5,2,2,,,,,,,,,,,,,,,,,,,,,,,,,,,,,24,2,,5,,4,4,,MODAL-R,,,
R_3k6rL3e9hgGIe5f,Default Response Set,Anonymous,,,,0,3/23/2017 22:11,3/23/2017 22:15,1,1,1,,,,,,,,,,,,,,,,,,,,,,,,,,,,,,,,,,,,,,,,,,,,,,1,1,7,170.776,170.776,172.728,1,1,2,,57,2,,1,,6,6,,Indexical-R,,,
R_9nqZ7zPJ1p8TOO5,Default Response Set,Anonymous,,,,0,3/23/2017 22:19,3/23/2017 22:22,1,1,1,,,,,,,,,,,,,,,,,,,,,,,,,,,,1,1,6,66.902,66.902,67.704,1,2,2,,,,,,,,,,,,,,,,,,,,32,2,,5,,5,8,,NONMODAL-R,,,
R_2wBsaQbWOBzkWYN,Default Response Set,Anonymous,,,,0,3/23/2017 22:56,3/23/2017 22:58,1,1,1,,,,,,,,,,1,1,5,8.666,74.135,76.318,7,2,2,,,,,,,,,,,,,,,,,,,,,,,,,,,,,,,,,,,,,,38,1,,5,,5,7,,NONMODAL-C,,,
R_9WARjJSMMQBbOpT,Default Response Set,Anonymous,,,,0,3/23/2017 23:06,3/23/2017 23:11,1,1,1,,,,,,,,,,,,,,,,,,,,,,,,,,,,,,,,,,,,,,,,,,,,,,1,1,5,160.75,161.203,162.422,2,1,2,,25,1,,3,,5,4,,Indexical-R,,,
R_3FUR8tl1TOX9ttv,Default Response Set,Anonymous,,,,0,3/23/2017 23:48,3/23/2017 23:50,1,1,1,,,,,,,,,,,,,,,,,,,1,1,1,46.174,47.223,59.858,2,1,2,,,,,,,,,,,,,,,,,,,,,,,,,,,,,40,1,,2,,5,4,,MODAL-R,,,
R_yscl3kUvGAd1qUh,Default Response Set,Anonymous,,,,0,3/24/2017 0:01,3/24/2017 0:08,1,1,1,1,1,3,13.764,161.894,163.137,9,1,2,,,,,,,,,,,,,,,,,,,,,,,,,,,,,,,,,,,,,,,,,,,,,,,26,2,,5,,5,6,,MODAL-C,,,
R_1hXeKLaA82wPWWv,Default Response Set,Anonymous,,,,0,3/24/2017 0:22,3/24/2017 0:25,1,1,1,,,,,,,,,,1,1,7,75.396,75.407,75.962,2,1,2,,,,,,,,,,,,,,,,,,,,,,,,,,,,,,,,,,,,,,31,2,,1,,5,7,,NONMODAL-C,,,
R_4PGZXIIynaSxCsp,Default Response Set,Anonymous,,,,0,3/24/2017 0:21,3/24/2017 0:25,1,1,1,,,,,,,,,,,,,,,,,,,,,,,,,,,,,,,,,,,,,1,1,2,119.007,119.007,133.994,1,1,2,,,,,,,,,,,52,1,,5,,6,3,,Indexical-C,,,
R_sUtFvEyQzt1HwRz,Default Response Set,Anonymous,,,,0,3/24/2017 0:26,3/24/2017 0:30,1,1,1,,,,,,,,,,,,,,,,,,,,,,,,,,,,1,1,6,4.39,124.386,130.002,4,1,2,,,,,,,,,,,,,,,,,,,,60,1,,5,,6,4,,NONMODAL-R,,,
R_cUB6vaQgeLsaCaZ,Default Response Set,Anonymous,,,,0,3/24/2017 0:35,3/24/2017 0:37,1,1,1,,,,,,,,,,,,,,,,,,,1,1,5,86.979,86.979,91.774,1,2,2,,,,,,,,,,,,,,,,,,,,,,,,,,,,,43,2,,5,,4,7,,MODAL-R,,,
R_1jWjdmItFQfOdhE,Default Response Set,Anonymous,,,,0,3/24/2017 0:31,3/24/2017 0:37,1,1,1,,,,,,,,,,,,,,,,,,,,,,,,,,,,,,,,,,,,,,,,,,,,,,1,1,7,6.138,229.626,240.565,7,3,3,,58,2,,6,half Caucasian half Hispanic,5,6,,Indexical-R,,,
R_1K6IqKDg8DuVJs2,Default Response Set,Anonymous,,,,0,3/24/2017 0:58,3/24/2017 0:59,1,1,1,1,1,6,28.022,29.292,31.942,2,1,2,,,,,,,,,,,,,,,,,,,,,,,,,,,,,,,,,,,,,,,,,,,,,,,23,2,,5,,5,8,,MODAL-C,,,
R_3Lc33KNkyUDlDW0,Default Response Set,Anonymous,,,,0,3/24/2017 1:29,3/24/2017 1:33,1,1,1,,,,,,,,,,,,,,,,,,,,,,,,,,,,,,,,,,,,,1,1,4,88.342,130.717,132.576,3,3,3,,,,,,,,,,,72,2,,5,,4,8,,Indexical-C,,,
R_0x5eSbIctvE09Cp,Default Response Set,Anonymous,,,,0,3/24/2017 2:09,3/24/2017 2:11,1,1,1,,,,,,,,,,,,,,,,,,,,,,,,,,,,,,,,,,,,,1,1,1,62.121,68.368,69.444,2,1,2,,,,,,,,,,,40,2,,5,,4,10,,Indexical-C,,,
R_1F2LMplgpQf8CSD,Default Response Set,Anonymous,,,,0,3/24/2017 3:39,3/24/2017 3:44,1,1,1,,,,,,,,,,,,,,,,,,,,,,,,,,,,,,,,,,,,,,,,,,,,,,1,1,4,2.847,62.569,64.681,4,3,3,,35,1,,2,,4,10,,Indexical-R,,,
R_1g0DS7bOtRuBlOw,Default Response Set,Anonymous,,,,0,3/24/2017 4:32,3/24/2017 4:34,1,1,1,,,,,,,,,,1,1,4,53.35,98.469,101.557,3,1,1,,,,,,,,,,,,,,,,,,,,,,,,,,,,,,,,,,,,,,26,2,,5,,4,8,,NONMODAL-C,,,
R_3PRDVgrGj4SD5qo,Default Response Set,Anonymous,,,,0,3/24/2017 7:01,3/24/2017 7:02,1,1,1,,,,,,,,,,,,,,,,,,,,,,,,,,,,1,1,7,3.108,34.055,35.432,6,1,2,,,,,,,,,,,,,,,,,,,,36,1,,5,,4,4,,NONMODAL-R,,,
R_qwntTHBpU5NZgcx,Default Response Set,Anonymous,,,,0,3/24/2017 7:21,3/24/2017 7:22,1,1,1,,,,,,,,,,,,,,,,,,,,,,,,,,,,1,1,5,2.335,5.156,7.055,4,1,2,,,,,,,,,,,,,,,,,,,,28,1,,1,,4,10,,NONMODAL-R,,,
R_2ScQoyMmdVZsdAh,Default Response Set,Anonymous,,,,0,3/24/2017 7:33,3/24/2017 7:35,1,1,1,,,,,,,,,,,,,,,,,,,1,1,4,44.63,49.621,51.623,2,1,2,,,,,,,,,,,,,,,,,,,,,,,,,,,,,46,1,,5,,5,8,,MODAL-R,,,
R_21FG5hiyyD3I6G7,Default Response Set,Anonymous,,,,0,3/24/2017 8:02,3/24/2017 8:09,1,1,1,,,,,,,,,,,,,,,,,,,,,,,,,,,,,,,,,,,,,1,1,4,126.269,209.516,215.573,35,3,2,,,,,,,,,,,41,2,,1,,4,5,,Indexical-C,,,
R_1208OjF2zt84iir,Default Response Set,Anonymous,,,,0,3/24/2017 8:18,3/24/2017 8:20,1,1,1,,,,,,,,,,,,,,,,,,,,,,,,,,,,,,,,,,,,,,,,,,,,,,1,1,4,64.886,64.886,66.611,1,3,3,,66,1,,5,,2,9,,Indexical-R,,,
R_vVlwe2f6syxewPn,Default Response Set,Anonymous,,,,0,3/24/2017 8:51,3/24/2017 8:53,1,1,1,1,1,1,71.481,71.481,74.922,1,1,2,,,,,,,,,,,,,,,,,,,,,,,,,,,,,,,,,,,,,,,,,,,,,,,52,2,,5,,5,4,,MODAL-C,,,
R_3enmBaaQd5sOd4W,Default Response Set,Anonymous,,,,0,3/24/2017 9:10,3/24/2017 9:13,1,1,1,,,,,,,,,,1,1,7,2.87,81.137,83.933,4,1,2,,,,,,,,,,,,,,,,,,,,,,,,,,,,,,,,,,,,,,56,1,,5,,4,8,,NONMODAL-C,,,
R_2sYKQXuLdnai9Zq,Default Response Set,Anonymous,,,,0,3/24/2017 9:25,3/24/2017 9:27,1,1,1,,,,,,,,,,,,,,,,,,,,,,,,,,,,,,,,,,,,,,,,,,,,,,1,1,4,79.532,81.645,82.397,3,3,1,,39,2,,5,,4,6,,Indexical-R,,,
R_1cZEqAcXo9cpL7m,Default Response Set,Anonymous,,,,0,3/24/2017 9:41,3/24/2017 9:44,1,1,1,,,,,,,,,,,,,,,,,,,1,1,1,5.213,123.001,123.701,105,1,2,,,,,,,,,,,,,,,,,,,,,,,,,,,,,33,2,,5,,4,3,,MODAL-R,,,
R_1OUgO3Tvpgkah2x,Default Response Set,Anonymous,,,,0,3/24/2017 9:45,3/24/2017 9:47,1,1,1,,,,,,,,,,,,,,,,,,,,,,,,,,,,,,,,,,,,,1,1,1,45.641,45.641,48.604,1,1,2,,,,,,,,,,,56,1,,5,,5,3,,Indexical-C,,,
R_3hun6mGTVeCoYWL,Default Response Set,Anonymous,,,,0,3/24/2017 10:02,3/24/2017 10:02,1,1,1,,,,,,,,,,1,1,5,1.054,2.707,2.948,5,1,2,,,,,,,,,,,,,,,,,,,,,,,,,,,,,,,,,,,,,,26,1,,5,,6,4,,NONMODAL-C,,,
R_Wk3Udxh8AZ1QCEV,Default Response Set,Anonymous,,,,0,3/24/2017 10:02,3/24/2017 10:04,1,1,1,1,1,1,36.535,36.535,37.405,1,2,2,,,,,,,,,,,,,,,,,,,,,,,,,,,,,,,,,,,,,,,,,,,,,,,34,1,,5,,4,7,,MODAL-C,,,
R_11ZceSPgVgPwerK,Default Response Set,Anonymous,,,,0,3/24/2017 10:02,3/24/2017 10:06,1,1,1,,,,,,,,,,,,,,,,,,,,,,,,,,,,1,1,7,89.255,89.255,91.77,1,1,2,,,,,,,,,,,,,,,,,,,,39,2,,5,,6,4,,NONMODAL-R,,,
R_2wRWD7tV5b9HDQE,Default Response Set,Anonymous,,,,0,3/24/2017 10:04,3/24/2017 10:06,1,1,1,,,,,,,,,,1,1,7,53.253,53.253,54.305,1,1,2,,,,,,,,,,,,,,,,,,,,,,,,,,,,,,,,,,,,,,20,2,,3,,4,5,,NONMODAL-C,,,
R_2pWwVnNFA7nrhdx,Default Response Set,Anonymous,,,,0,3/24/2017 10:04,3/24/2017 10:07,1,1,1,,,,,,,,,,,,,,,,,,,,,,,,,,,,,,,,,,,,,,,,,,,,,,1,1,3,5.621,79.549,90.904,34,3,3,,31,1,,5,,4,7,,Indexical-R,,,
R_0k1BX8jmN1uDU2J,Default Response Set,Anonymous,,,,0,3/24/2017 10:05,3/24/2017 10:07,1,1,1,,,,,,,,,,,,,,,,,,,,,,,,,,,,,,,,,,,,,1,1,4,49.358,49.358,91.466,1,1,2,,,,,,,,,,,45,2,,5,,5,2,,Indexical-C,,,
R_9WXQ0GWzkWeIxW1,Default Response Set,Anonymous,,,,0,3/24/2017 10:06,3/24/2017 10:08,1,1,1,,,,,,,,,,,,,,,,,,,1,1,5,45.902,53.939,55.081,3,2,2,,,,,,,,,,,,,,,,,,,,,,,,,,,,,35,2,,5,,4,9,,MODAL-R,,,
R_RnoQ1RbDnAwxnKp,Default Response Set,Anonymous,,,,0,3/24/2017 10:06,3/24/2017 10:08,1,1,1,,,,,,,,,,,,,,,,,,,,,,,,,,,,1,1,7,9.027,74.187,74.852,2,2,2,,,,,,,,,,,,,,,,,,,,41,2,,5,,2,8,,NONMODAL-R,,,
R_2zZr7ozvG4ioblJ,Default Response Set,Anonymous,,,,0,3/24/2017 10:06,3/24/2017 10:08,1,1,1,1,1,1,43.824,43.824,47.532,1,2,2,,,,,,,,,,,,,,,,,,,,,,,,,,,,,,,,,,,,,,,,,,,,,,,32,1,,5,,5,6,,MODAL-C,,,
R_1eVss5Fhp2hqFQG,Default Response Set,Anonymous,,,,0,3/24/2017 10:07,3/24/2017 10:09,1,1,1,,,,,,,,,,,,,,,,,,,,,,,,,,,,1,1,4,69.706,74.953,76.638,3,2,2,,,,,,,,,,,,,,,,,,,,27,1,,3,,4,6,,NONMODAL-R,,,
R_1jcBTdiVchi7Qil,Default Response Set,Anonymous,,,,0,3/24/2017 10:07,3/24/2017 10:09,1,1,1,,,,,,,,,,1,1,4,50.454,50.454,52.175,1,1,2,,,,,,,,,,,,,,,,,,,,,,,,,,,,,,,,,,,,,,50,2,,3,,5,3,,NONMODAL-C,,,
R_OKn6qMBh3DHBlJL,Default Response Set,Anonymous,,,,0,3/24/2017 10:07,3/24/2017 10:10,1,1,1,1,1,2,20.133,65.938,67.314,4,1,2,,,,,,,,,,,,,,,,,,,,,,,,,,,,,,,,,,,,,,,,,,,,,,,32,2,,1,,2,9,,MODAL-C,,,
R_1GTvjiyXXvdQCmC,Default Response Set,Anonymous,,,,0,3/24/2017 10:07,3/24/2017 10:13,1,1,1,,,,,,,,,,,,,,,,,,,,,,,,,,,,,,,,,,,,,,,,,,,,,,1,1,4,120.958,219.933,220.704,2,3,1,,29,1,,5,,5,3,,Indexical-R,,,
R_3F5yjS6R8nGejLb,Default Response Set,Anonymous,,,,0,3/24/2017 10:12,3/24/2017 10:14,1,1,1,,,,,,,,,,,,,,,,,,,1,1,5,41.354,41.354,42.25,1,1,2,,,,,,,,,,,,,,,,,,,,,,,,,,,,,31,2,,1,,3,6,,MODAL-R,,,
R_4Zd48aNAZLlxou5,Default Response Set,Anonymous,,,,0,3/24/2017 10:10,3/24/2017 10:14,1,1,1,,,,,,,,,,,,,,,,,,,,,,,,,,,,,,,,,,,,,1,1,1,102.218,102.218,160.605,1,1,2,,,,,,,,,,,29,1,,6,Mixed,4,8,,Indexical-C,,,
R_2EuzZWacpO2Dypj,Default Response Set,Anonymous,,,,0,3/24/2017 10:13,3/24/2017 10:15,1,1,1,,,,,,,,,,1,1,7,52.601,53.017,53.786,2,2,2,,,,,,,,,,,,,,,,,,,,,,,,,,,,,,,,,,,,,,31,2,,5,,5,5,,NONMODAL-C,,,
R_42TRNrJPf1WvZrb,Default Response Set,Anonymous,,,,0,3/24/2017 10:05,3/24/2017 10:17,1,1,1,1,1,5,41.539,45.392,53.337,4,1,2,,,,,,,,,,,,,,,,,,,,,,,,,,,,,,,,,,,,,,,,,,,,,,,31,2,,5,,5,4,,MODAL-C,,,
R_cAUaSNJIg6BxX3z,Default Response Set,Anonymous,,,,0,3/24/2017 10:15,3/24/2017 10:18,1,1,1,,,,,,,,,,,,,,,,,,,,,,,,,,,,1,1,7,51.978,64.832,65.277,4,2,2,,,,,,,,,,,,,,,,,,,,28,1,,2,,5,7,,NONMODAL-R,,,
R_3kzX2QDmKEvvwQa,Default Response Set,Anonymous,,,,0,3/24/2017 10:12,3/24/2017 10:18,1,1,1,,,,,,,,,,,,,,,,,,,,,,,,,,,,,,,,,,,,,,,,,,,,,,1,1,7,61.513,62.257,76.829,3,3,3,,33,2,,5,,5,7,,Indexical-R,,,
R_2EnlLFivi7zwrXM,Default Response Set,Anonymous,,,,0,3/24/2017 10:16,3/24/2017 10:18,1,1,1,,,,,,,,,,,,,,,,,,,,,,,,,,,,,,,,,,,,,1,1,1,62.117,66.917,67.627,3,2,1,,,,,,,,,,,23,1,,5,,4,7,,Indexical-C,,,
R_1jQ800BPJCdNNO6,Default Response Set,Anonymous,,,,0,3/24/2017 10:17,3/24/2017 10:18,1,1,1,,,,,,,,,,,,,,,,,,,,,,,,,,,,,,,,,,,,,,,,,,,,,,1,1,7,15.656,15.656,17.806,1,3,3,,27,1,,5,,2,8,,Indexical-R,,,
R_2DYMbaFygKBZaJK,Default Response Set,Anonymous,,,,0,3/24/2017 10:13,3/24/2017 10:19,1,1,1,,,,,,,,,,,,,,,,,,,,,,,,,,,,,,,,,,,,,1,1,1,20.013,192.735,192.773,42,1,2,,,,,,,,,,,32,2,,5,,,,,Indexical-C,,,
R_qzqmpqFaVdd2PFT,Default Response Set,Anonymous,,,,0,3/24/2017 10:19,3/24/2017 10:22,1,1,1,,,,,,,,,,1,1,7,97.034,97.034,97.763,1,2,1,,,,,,,,,,,,,,,,,,,,,,,,,,,,,,,,,,,,,,64,2,,3,,4,8,,NONMODAL-C,,,
R_bOAYJVp3RCCZqed,Default Response Set,Anonymous,,,,0,3/24/2017 10:19,3/24/2017 10:24,1,1,1,1,1,4,244.231,244.231,245.724,1,2,2,,,,,,,,,,,,,,,,,,,,,,,,,,,,,,,,,,,,,,,,,,,,,,,44,2,,5,,2,8,,MODAL-C,,,
R_3iW6WQr7VAh5rVL,Default Response Set,Anonymous,,,,0,3/24/2017 10:32,3/24/2017 10:34,1,1,1,,,,,,,,,,,,,,,,,,,,,,,,,,,,1,1,7,74.973,74.973,76.067,1,2,2,,,,,,,,,,,,,,,,,,,,52,1,,5,,5,5,,NONMODAL-R,,,
R_pi6a1kXWN8Wzbm9,Default Response Set,Anonymous,,,,0,3/24/2017 10:41,3/24/2017 10:44,1,1,1,,,,,,,,,,,,,,,,,,,,,,,,,,,,,,,,,,,,,,,,,,,,,,1,1,6,4.168,81.463,82.939,8,3,3,,50,1,,5,,6,3,,Indexical-R,,,
R_2S06LhE9cRB1xxp,Default Response Set,Anonymous,,,,0,3/24/2017 10:45,3/24/2017 10:46,1,1,1,,,,,,,,,,1,1,7,38.046,38.046,38.897,1,1,1,,,,,,,,,,,,,,,,,,,,,,,,,,,,,,,,,,,,,,52,1,,5,,8,6,,NONMODAL-C,,,
R_1hToAV1kDvpqnZq,Default Response Set,Anonymous,,,,0,3/24/2017 11:01,3/24/2017 11:03,1,1,1,,,,,,,,,,,,,,,,,,,,,,,,,,,,,,,,,,,,,1,1,1,1.212,49.852,50.893,3,1,2,,,,,,,,,,,30,1,,5,,5,9,,Indexical-C,,,
R_9mlA3Gx3C9rS0Tv,Default Response Set,Anonymous,,,,0,3/24/2017 11:12,3/24/2017 11:14,1,1,1,,,,,,,,,,,,,,,,,,,,,,,,,,,,1,1,7,56.747,56.747,58.152,1,2,2,,,,,,,,,,,,,,,,,,,,49,2,,5,,6,5,,NONMODAL-R,,,
R_8oyey84piWliH8R,Default Response Set,Anonymous,,,,0,3/24/2017 11:42,3/24/2017 11:44,1,1,1,,,,,,,,,,,,,,,,,,,1,1,4,62.994,62.994,63.98,1,1,2,,,,,,,,,,,,,,,,,,,,,,,,,,,,,50,2,,5,,3,6,,MODAL-R,,,
R_1pngOAtTcjqahKk,Default Response Set,Anonymous,,,,0,3/24/2017 12:06,3/24/2017 12:07,1,1,1,,,,,,,,,,,,,,,,,,,,,,,,,,,,1,1,7,29.174,47.85,48.418,4,1,2,,,,,,,,,,,,,,,,,,,,31,2,,1,,4,8,,NONMODAL-R,,,
R_1irFRbo0S7mOeCg,Default Response Set,Anonymous,,,,0,3/24/2017 13:01,3/24/2017 13:05,1,1,1,1,1,7,84.603,147.003,147.707,3,2,1,,,,,,,,,,,,,,,,,,,,,,,,,,,,,,,,,,,,,,,,,,,,,,,44,2,,5,,5,6,,MODAL-C,,,
R_UA3UPyNNdExNBmx,Default Response Set,Anonymous,,,,0,3/24/2017 13:04,3/24/2017 13:05,1,1,1,,,,,,,,,,1,1,7,1.065,42.37,46.586,3,2,2,,,,,,,,,,,,,,,,,,,,,,,,,,,,,,,,,,,,,,55,2,,5,,3,10,,NONMODAL-C,,,
R_27KmDu7opEwSkJm,Default Response Set,Anonymous,,,,0,3/24/2017 13:11,3/24/2017 13:12,1,1,1,,,,,,,,,,,,,,,,,,,,,,,,,,,,,,,,,,,,,1,1,4,43.115,49.691,50.241,4,1,2,,,,,,,,,,,21,2,,1,,4,8,,Indexical-C,,,
R_3RrR7UFeGfequMs,Default Response Set,Anonymous,,,,0,3/24/2017 13:53,3/24/2017 13:57,1,1,1,,,,,,,,,,,,,,,,,,,,,,,,,,,,,,,,,,,,,,,,,,,,,,1,1,6,98.601,171.02,171.957,8,3,3,,57,2,,1,,5,7,,Indexical-R,,,
R_ePDikHDb9CbqEMN,Default Response Set,Anonymous,,,,0,3/24/2017 13:58,3/24/2017 14:00,1,1,1,,,,,,,,,,,,,,,,,,,1,1,7,3.119,45.251,46.094,4,2,2,,,,,,,,,,,,,,,,,,,,,,,,,,,,,27,2,,5,,2,7,,MODAL-R,,,
R_3PZGeGoJXtie05I,Default Response Set,Anonymous,,,,0,3/24/2017 14:06,3/24/2017 14:09,1,1,1,1,1,4,57.589,89.166,90.242,4,1,2,,,,,,,,,,,,,,,,,,,,,,,,,,,,,,,,,,,,,,,,,,,,,,,26,1,,5,,5,6,,MODAL-C,,,
R_dau2jD7XyPaOaHf,Default Response Set,Anonymous,,,,0,3/24/2017 14:09,3/24/2017 14:10,1,1,1,,,,,,,,,,,,,,,,,,,,,,,,,,,,1,1,5,30.844,35.711,36.128,3,1,2,,,,,,,,,,,,,,,,,,,,29,2,,5,,5,7,,NONMODAL-R,,,
R_1rcCeiJXGSE1F0R,Default Response Set,Anonymous,,,,0,3/24/2017 14:09,3/24/2017 14:11,1,1,1,,,,,,,,,,1,1,7,6.784,57.885,60.049,3,2,2,,,,,,,,,,,,,,,,,,,,,,,,,,,,,,,,,,,,,,37,1,,5,,5,6,,NONMODAL-C,,,
R_2E5DQoopim6a8I6,Default Response Set,Anonymous,,,,0,3/24/2017 14:10,3/24/2017 14:13,1,1,1,,,,,,,,,,,,,,,,,,,,,,,,,,,,,,,,,,,,,1,1,1,105.943,105.943,106.786,1,1,2,,,,,,,,,,,43,1,,5,,5,3,,Indexical-C,,,
R_1IyJwl252WzLzz3,Default Response Set,Anonymous,,,,0,3/24/2017 14:10,3/24/2017 14:13,1,1,1,,,,,,,,,,,,,,,,,,,,,,,,,,,,,,,,,,,,,1,1,2,84.837,84.837,86.987,1,1,2,,,,,,,,,,,52,2,,5,,5,4,,Indexical-C,,,
R_3w7Pu1btYIlVt5v,Default Response Set,Anonymous,,,,0,3/24/2017 14:11,3/24/2017 14:13,1,1,1,,,,,,,,,,,,,,,,,,,1,1,1,47.117,67.662,68.557,3,1,2,,,,,,,,,,,,,,,,,,,,,,,,,,,,,36,2,,5,,8,4,,MODAL-R,,,
R_2ARnyFnHnOaMmNX,Default Response Set,Anonymous,,,,0,3/24/2017 14:13,3/24/2017 14:14,1,1,1,1,1,4,0,0,3.097,0,1,2,,,,,,,,,,,,,,,,,,,,,,,,,,,,,,,,,,,,,,,,,,,,,,,25,1,,5,,5,8,,MODAL-C,,,
R_3hfkRFcyibOhfc0,Default Response Set,Anonymous,,,,0,3/24/2017 14:13,3/24/2017 14:15,1,1,1,,,,,,,,,,,,,,,,,,,,,,,,,,,,,,,,,,,,,,,,,,,,,,1,1,4,89.633,91.336,92.678,3,3,3,,62,1,,5,,5,4,,Indexical-R,,,
R_1I6jqi5jDkorakx,Default Response Set,Anonymous,,,,0,3/24/2017 14:13,3/24/2017 14:16,1,1,1,,,,,,,,,,,,,,,,,,,,,,,,,,,,1,1,6,61.078,62.836,67.702,2,1,2,,,,,,,,,,,,,,,,,,,,24,2,,5,,5,7,,NONMODAL-R,,,
R_zUX5QaPRSRqas0N,Default Response Set,Anonymous,,,,0,3/24/2017 14:15,3/24/2017 14:17,1,1,1,,,,,,,,,,,,,,,,,,,1,1,4,1.057,3.056,3.078,4,1,2,,,,,,,,,,,,,,,,,,,,,,,,,,,,,24,1,,5,,4,7,,MODAL-R,,,
R_3Ms8MqkRxZVU8uR,Default Response Set,Anonymous,,,,0,3/24/2017 14:14,3/24/2017 14:17,1,1,1,,,,,,,,,,1,1,3,106.179,113.156,114.812,5,1,2,,,,,,,,,,,,,,,,,,,,,,,,,,,,,,,,,,,,,,31,2,,1,,4,8,,NONMODAL-C,,,
R_1EfUZjZDI6ysJ2n,Default Response Set,Anonymous,,,,0,3/24/2017 14:16,3/24/2017 14:17,1,1,1,,,,,,,,,,1,1,7,37.597,39.358,39.715,3,2,2,,,,,,,,,,,,,,,,,,,,,,,,,,,,,,,,,,,,,,25,2,,2,,4,5,,NONMODAL-C,,,
R_UMwpUnZHLo237ZD,Default Response Set,Anonymous,,,,0,3/24/2017 14:14,3/24/2017 14:17,1,1,1,,,,,,,,,,,,,,,,,,,,,,,,,,,,1,1,7,80.025,84.265,85.297,2,1,2,,,,,,,,,,,,,,,,,,,,31,1,,5,,5,4,,NONMODAL-R,,,
R_33aoizgbQYwJyxg,Default Response Set,Anonymous,,,,0,3/24/2017 14:15,3/24/2017 14:17,1,1,1,,,,,,,,,,,,,,,,,,,1,1,4,86.598,86.998,88.02,2,1,1,,,,,,,,,,,,,,,,,,,,,,,,,,,,,30,2,,2,,3,10,,MODAL-R,,,
R_3KMzak7bAzL3BEb,Default Response Set,Anonymous,,,,0,3/24/2017 14:15,3/24/2017 14:17,1,1,1,,,,,,,,,,,,,,,,,,,,,,,,,,,,,,,,,,,,,,,,,,,,,,1,1,5,80.776,80.776,82.202,1,1,3,,27,1,,1,,5,6,,Indexical-R,,,
R_4GFLZEPPFcsElC9,Default Response Set,Anonymous,,,,0,3/24/2017 14:14,3/24/2017 14:18,1,1,1,1,1,6,42.8,42.8,43.987,1,2,2,,,,,,,,,,,,,,,,,,,,,,,,,,,,,,,,,,,,,,,,,,,,,,,27,2,,5,,4,6,,MODAL-C,,,
R_3KOtv2n72sNPlQx,Default Response Set,Anonymous,,,,0,3/24/2017 14:15,3/24/2017 14:18,1,1,1,,,,,,,,,,,,,,,,,,,,,,,,,,,,,,,,,,,,,1,1,2,53.289,99.499,109.072,4,1,2,,,,,,,,,,,46,2,,5,,6,8,,Indexical-C,,,
R_DNOU6o9ZDE3BcEF,Default Response Set,Anonymous,,,,0,3/24/2017 14:13,3/24/2017 14:18,1,1,1,,,,,,,,,,1,1,7,65.329,65.329,67.18,1,2,2,,,,,,,,,,,,,,,,,,,,,,,,,,,,,,,,,,,,,,43,2,,5,,4,8,,NONMODAL-C,,,
R_28ZiZKcPTp78wbn,Default Response Set,Anonymous,,,,0,3/24/2017 14:16,3/24/2017 14:19,1,1,1,,,,,,,,,,,,,,,,,,,,,,,,,,,,1,1,7,109.344,148.035,149.208,3,1,2,,,,,,,,,,,,,,,,,,,,41,1,,3,,4,6,,NONMODAL-R,,,
R_RltLXrbTRcG9RAJ,Default Response Set,Anonymous,,,,0,3/24/2017 14:18,3/24/2017 14:20,1,1,1,,,,,,,,,,,,,,,,,,,,,,,,,,,,,,,,,,,,,1,1,4,90.952,90.952,92.466,1,3,2,,,,,,,,,,,37,2,,5,,4,4,,Indexical-C,,,
R_1OZz4ClhbU8587M,Default Response Set,Anonymous,,,,0,3/24/2017 14:20,3/24/2017 14:21,1,1,1,1,1,7,13.872,13.872,16.534,1,2,2,,,,,,,,,,,,,,,,,,,,,,,,,,,,,,,,,,,,,,,,,,,,,,,26,1,,5,,5,8,,MODAL-C,,,
R_2YlmxjN7oKwOyJJ,Default Response Set,Anonymous,,,,0,3/24/2017 14:19,3/24/2017 14:22,1,1,1,1,1,6,62.06,112.068,113.042,2,2,1,,,,,,,,,,,,,,,,,,,,,,,,,,,,,,,,,,,,,,,,,,,,,,,42,2,,2,,3,9,,MODAL-C,,,
R_31vzuV6DdBxBmcE,Default Response Set,Anonymous,,,,0,3/24/2017 14:23,3/24/2017 14:25,1,1,1,,,,,,,,,,,,,,,,,,,,,,,,,,,,,,,,,,,,,,,,,,,,,,1,1,7,53.754,53.754,54.461,1,3,3,,27,2,,5,,5,7,,Indexical-R,,,
R_2yf8x3JCGUYNFTK,Default Response Set,Anonymous,,,,0,3/24/2017 14:23,3/24/2017 14:25,1,1,1,,,,,,,,,,,,,,,,,,,1,1,5,65.962,66.404,67.287,2,1,2,,,,,,,,,,,,,,,,,,,,,,,,,,,,,26,1,,5,,4,8,,MODAL-R,,,
R_1q4ays1cZKdNzy1,Default Response Set,Anonymous,,,,0,3/24/2017 14:21,3/24/2017 14:26,1,1,1,,,,,,,,,,1,1,6,5.542,61.339,62.311,4,2,2,,,,,,,,,,,,,,,,,,,,,,,,,,,,,,,,,,,,,,46,1,,5,,6,6,,NONMODAL-C,,,
R_ZegNRl5duTZryff,Default Response Set,Anonymous,,,,0,3/24/2017 14:24,3/24/2017 14:26,1,1,1,,,,,,,,,,,,,,,,,,,,,,,,,,,,1,1,3,76.328,76.328,78.569,1,1,2,,,,,,,,,,,,,,,,,,,,37,1,,5,,4,4,,NONMODAL-R,,,
R_25tjAXyCTuykK6D,Default Response Set,Anonymous,,,,0,3/24/2017 14:25,3/24/2017 14:27,1,1,1,,,,,,,,,,1,1,4,4.254,49.978,51.167,39,2,2,,,,,,,,,,,,,,,,,,,,,,,,,,,,,,,,,,,,,,50,1,,5,,5,5,,NONMODAL-C,,,
R_1JOvNlM9nV9Vqdj,Default Response Set,Anonymous,,,,0,3/24/2017 14:26,3/24/2017 14:28,1,1,1,,,,,,,,,,,,,,,,,,,,,,,,,,,,,,,,,,,,,1,1,5,26.062,28.079,30.755,4,3,3,,,,,,,,,,,34,1,,5,,5,6,,Indexical-C,,,
R_1OHt7IhY82epBmj,Default Response Set,Anonymous,,,,0,3/24/2017 14:27,3/24/2017 14:31,1,1,1,,,,,,,,,,,,,,,,,,,,,,,,,,,,,,,,,,,,,,,,,,,,,,1,1,6,5.814,106.533,107.561,6,3,3,,40,2,,5,,6,7,,Indexical-R,,,
R_2xLbnvhI4lK6jIG,Default Response Set,Anonymous,,,,0,3/24/2017 14:17,3/24/2017 14:32,1,1,1,,,,,,,,,,,,,,,,,,,,,,,,,,,,,,,,,,,,,,,,,,,,,,1,1,7,865.549,866.179,866.642,2,3,3,,24,1,,5,,2,8,,Indexical-R,,,
R_1BQMD6iRJCp7FpR,Default Response Set,Anonymous,,,,0,3/24/2017 14:36,3/24/2017 14:37,1,1,1,,,,,,,,,,,,,,,,,,,,,,,,,,,,1,1,5,49.303,51.625,51.982,4,1,2,,,,,,,,,,,,,,,,,,,,26,2,,5,,4,8,,NONMODAL-R,,,
R_1dpj3cAKeae3UMP,Default Response Set,Anonymous,,,,0,3/24/2017 14:36,3/24/2017 14:38,1,1,1,,,,,,,,,,,,,,,,,,,1,1,7,11.817,96.004,96.899,2,2,2,,,,,,,,,,,,,,,,,,,,,,,,,,,,,51,1,,5,,2,5,,MODAL-R,,,
R_1GZbAQLz6TVM8VN,Default Response Set,Anonymous,,,,0,3/24/2017 14:26,3/24/2017 14:40,1,1,1,1,1,3,415.748,519.966,521.878,10,1,2,,,,,,,,,,,,,,,,,,,,,,,,,,,,,,,,,,,,,,,,,,,,,,,24,2,,1,,4,6,,MODAL-C,,,
R_UQEyWQbaPqgHv6V,Default Response Set,Anonymous,,,,0,3/24/2017 14:39,3/24/2017 14:42,1,1,1,,,,,,,,,,,,,,,,,,,,,,,,,,,,,,,,,,,,,1,1,1,4.271,109.447,112.141,5,1,2,,,,,,,,,,,43,1,,3,,5,5,,Indexical-C,,,
R_1mgYLnTVGQmcDQU,Default Response Set,Anonymous,,,,0,3/24/2017 14:41,3/24/2017 14:45,1,1,1,1,1,2,79.329,79.329,80.699,1,1,2,,,,,,,,,,,,,,,,,,,,,,,,,,,,,,,,,,,,,,,,,,,,,,,54,2,,5,,4,8,,MODAL-C,,,
R_eDachVcJ9gbY96F,Default Response Set,Anonymous,,,,0,3/24/2017 14:52,3/24/2017 14:54,1,1,1,,,,,,,,,,,,,,,,,,,1,1,7,33.002,33.002,34.143,1,2,2,,,,,,,,,,,,,,,,,,,,,,,,,,,,,28,2,,3,,5,7,,MODAL-R,,,
R_3lriY0tzUF8epWc,Default Response Set,Anonymous,,,,0,3/24/2017 14:52,3/24/2017 14:57,1,1,1,,,,,,,,,,,,,,,,,,,,,,,,,,,,1,1,4,108.247,138.605,140.304,2,1,2,,,,,,,,,,,,,,,,,,,,38,2,,3,,5,6,,NONMODAL-R,,,
R_PCg4eTvh7xEQOTT,Default Response Set,Anonymous,,,,0,3/24/2017 14:57,3/24/2017 14:58,1,1,1,1,1,4,45.049,45.049,45.853,1,2,2,,,,,,,,,,,,,,,,,,,,,,,,,,,,,,,,,,,,,,,,,,,,,,,47,1,,5,,5,5,,MODAL-C,,,
R_1FKFRS3tpvPutvF,Default Response Set,Anonymous,,,,0,3/24/2017 15:03,3/24/2017 15:07,1,1,1,,,,,,,,,,,,,,,,,,,,,,,,,,,,,,,,,,,,,,,,,,,,,,1,1,7,4.541,126.043,126.742,4,3,3,,42,1,,1,,5,4,,Indexical-R,,,
R_2QSD7eeU5FLQO5Y,Default Response Set,Anonymous,,,,0,3/24/2017 15:07,3/24/2017 15:08,1,1,1,,,,,,,,,,,,,,,,,,,,,,,,,,,,,,,,,,,,,1,1,6,37.371,39.108,39.679,6,1,2,,,,,,,,,,,28,1,,3,,5,8,,Indexical-C,,,
R_3HTWrwx6oFRJCjI,Default Response Set,Anonymous,,,,0,3/24/2017 15:07,3/24/2017 15:09,1,1,1,,,,,,,,,,1,1,6,27.145,60.173,61.527,2,2,2,,,,,,,,,,,,,,,,,,,,,,,,,,,,,,,,,,,,,,59,2,,5,,5,7,,NONMODAL-C,,,
R_2EiXG9HXHIrWI5b,Default Response Set,Anonymous,,,,0,3/24/2017 15:09,3/24/2017 15:13,1,1,1,,,,,,,,,,,,,,,,,,,,,,,,,,,,1,1,7,9.079,129.875,133.988,36,2,2,,,,,,,,,,,,,,,,,,,,40,1,,5,,4,10,,NONMODAL-R,,,
R_1rcfewfulelx61o,Default Response Set,Anonymous,,,,0,3/24/2017 15:13,3/24/2017 15:16,1,1,1,,,,,,,,,,,,,,,,,,,,,,,,,,,,,,,,,,,,,,,,,,,,,,1,1,6,3.988,93.442,100.56,4,3,3,,53,2,,5,,4,7,,Indexical-R,,,
R_2cBGOjmbS5XRZzu,Default Response Set,Anonymous,,,,0,3/24/2017 15:15,3/24/2017 15:17,1,1,1,1,1,4,57.065,57.832,58.717,2,2,2,,,,,,,,,,,,,,,,,,,,,,,,,,,,,,,,,,,,,,,,,,,,,,,26,1,,2,,4,7,,MODAL-C,,,
R_W3umFvXyJyjTVwR,Default Response Set,Anonymous,,,,0,3/24/2017 15:56,3/24/2017 15:58,1,1,1,,,,,,,,,,,,,,,,,,,,,,,,,,,,,,,,,,,,,1,1,2,82.962,100.162,103.294,4,1,2,,,,,,,,,,,36,2,,5,,7,3,,Indexical-C,,,
R_3kib0HxGxAKRdfC,Default Response Set,Anonymous,,,,0,3/24/2017 15:58,3/24/2017 16:00,1,1,1,,,,,,,,,,,,,,,,,,,1,1,7,4.809,52.854,55.69,3,1,2,,,,,,,,,,,,,,,,,,,,,,,,,,,,,27,1,,5,,4,9,,MODAL-R,,,
R_2dhHXDO5kPtMK1z,Default Response Set,Anonymous,,,,0,3/24/2017 16:44,3/24/2017 16:47,1,1,1,,,,,,,,,,1,1,5,76.902,99.047,100.998,4,1,2,,,,,,,,,,,,,,,,,,,,,,,,,,,,,,,,,,,,,,28,1,,5,,5,4,,NONMODAL-C,,,
R_3foAMu34GbQBcqE,Default Response Set,Anonymous,,,,0,3/24/2017 16:52,3/24/2017 16:54,1,1,1,1,1,5,2.398,63.878,64.653,4,1,1,,,,,,,,,,,,,,,,,,,,,,,,,,,,,,,,,,,,,,,,,,,,,,,42,2,,5,,4,8,,MODAL-C,,,
R_sSzkm2ZaydPwMDf,Default Response Set,Anonymous,,,,0,3/24/2017 17:00,3/24/2017 17:01,1,1,1,,,,,,,,,,,,,,,,,,,,,,,,,,,,1,1,3,12.757,13.558,18.867,2,1,2,,,,,,,,,,,,,,,,,,,,22,2,,5,,8,10,,NONMODAL-R,,,
R_1nUwu5Ff4DcGSBm,Default Response Set,Anonymous,,,,0,3/24/2017 17:02,3/24/2017 17:05,1,1,1,,,,,,,,,,,,,,,,,,,,,,,,,,,,,,,,,,,,,1,1,4,45.233,110.587,111.582,17,1,2,,,,,,,,,,,46,2,,5,,4,7,,Indexical-C,,,
R_3EhjwSXbgKHaFLx,Default Response Set,Anonymous,,,,0,3/24/2017 17:08,3/24/2017 17:09,1,1,1,,,,,,,,,,,,,,,,,,,1,1,4,67.071,67.071,68.792,1,1,2,,,,,,,,,,,,,,,,,,,,,,,,,,,,,30,2,,5,,5,9,,MODAL-R,,,
R_1pFoQweaHCFmCTX,Default Response Set,Anonymous,,,,0,3/24/2017 17:15,3/24/2017 17:18,1,1,1,,,,,,,,,,,,,,,,,,,,,,,,,,,,,,,,,,,,,,,,,,,,,,1,1,7,75.839,75.839,77.037,1,3,3,,33,2,,5,,6,7,,Indexical-R,,,
R_p9pvP6kIR69J6zn,Default Response Set,Anonymous,,,,0,3/24/2017 18:05,3/24/2017 18:07,1,1,1,,,,,,,,,,1,1,7,44.43,62.633,63.671,2,1,2,,,,,,,,,,,,,,,,,,,,,,,,,,,,,,,,,,,,,,44,2,,1,,5,5,,NONMODAL-C,,,
R_1OhEPQFquTd7jfH,Default Response Set,Anonymous,,,,0,3/24/2017 18:23,3/24/2017 18:27,1,1,1,,,,,,,,,,,,,,,,,,,,,,,,,,,,,,,,,,,,,,,,,,,,,,1,1,7,74.287,136.323,137.993,2,3,3,,39,1,,5,,5,6,,Indexical-R,,,
R_3j8myvjSx4xYt6J,Default Response Set,Anonymous,,,,0,3/24/2017 18:44,3/24/2017 18:49,1,1,1,,,,,,,,,,,,,,,,,,,1,1,1,44.55,172.172,174.368,2,1,2,,,,,,,,,,,,,,,,,,,,,,,,,,,,,74,2,,5,,2,7,,MODAL-R,,,
R_3gUGRQKTTT56qxn,Default Response Set,Anonymous,,,,0,3/24/2017 19:06,3/24/2017 19:08,1,1,1,,,,,,,,,,,,,,,,,,,,,,,,,,,,,,,,,,,,,1,1,1,65.889,65.889,73.732,1,1,2,,,,,,,,,,,37,1,,5,,5,8,,Indexical-C,,,
R_27Vzaj720bLhG42,Default Response Set,Anonymous,,,,0,3/24/2017 19:11,3/24/2017 19:12,1,1,1,,,,,,,,,,1,1,7,1.148,2.516,3.576,2,1,1,,,,,,,,,,,,,,,,,,,,,,,,,,,,,,,,,,,,,,25,1,,5,,4,9,,NONMODAL-C,,,
R_129cCkjML8BpvBp,Default Response Set,Anonymous,,,,0,3/24/2017 19:11,3/24/2017 19:12,1,1,1,,,,,,,,,,,,,,,,,,,,,,,,,,,,1,1,6,13.828,44.236,47.188,2,1,1,,,,,,,,,,,,,,,,,,,,24,2,,5,,4,8,,NONMODAL-R,,,
R_3kp1oP1UsV7kjpR,Default Response Set,Anonymous,,,,0,3/24/2017 19:19,3/24/2017 19:21,1,1,1,,,,,,,,,,,,,,,,,,,1,1,1,5.5,63.179,64.215,4,1,2,,,,,,,,,,,,,,,,,,,,,,,,,,,,,28,2,,5,,5,7,,MODAL-R,,,
R_3Dw4JNhISbNTgs1,Default Response Set,Anonymous,,,,0,3/24/2017 19:33,3/24/2017 19:36,1,1,1,,,,,,,,,,,,,,,,,,,,,,,,,,,,1,1,5,90.061,90.061,94.061,1,2,2,,,,,,,,,,,,,,,,,,,,38,1,,2,,5,6,,NONMODAL-R,,,
R_1IZcVEwlkIrhHdA,Default Response Set,Anonymous,,,,0,3/24/2017 20:48,3/24/2017 20:51,1,1,1,,,,,,,,,,,,,,,,,,,,,,,,,,,,,,,,,,,,,,,,,,,,,,1,1,7,52.903,92.751,93.59,3,3,3,,20,1,,5,,4,4,,Indexical-R,,,
R_sU0RR209kXVUC7n,Default Response Set,Anonymous,,,,0,3/24/2017 21:20,3/24/2017 21:23,1,1,1,1,1,4,69.336,69.336,73.323,1,1,2,,,,,,,,,,,,,,,,,,,,,,,,,,,,,,,,,,,,,,,,,,,,,,,34,1,,2,,4,6,,MODAL-C,,,
R_1hJUo8GdH5jh0HW,Default Response Set,Anonymous,,,,0,3/24/2017 21:26,3/24/2017 21:29,1,1,1,,,,,,,,,,1,1,7,75.056,75.056,77.822,1,1,1,,,,,,,,,,,,,,,,,,,,,,,,,,,,,,,,,,,,,,31,2,,1,,5,6,,NONMODAL-C,,,
R_1obYDtJl9vLVmFq,Default Response Set,Anonymous,,,,0,3/24/2017 21:27,3/24/2017 21:30,1,1,1,,,,,,,,,,1,1,7,21.212,81.25,82.652,11,1,2,,,,,,,,,,,,,,,,,,,,,,,,,,,,,,,,,,,,,,45,2,,5,,4,6,,NONMODAL-C,,,
R_2zuQ0JVggSkK7KN,Default Response Set,Anonymous,,,,0,3/24/2017 21:37,3/24/2017 21:39,1,1,1,,,,,,,,,,,,,,,,,,,,,,,,,,,,1,1,6,86.851,86.851,87.671,1,1,2,,,,,,,,,,,,,,,,,,,,24,1,,5,,5,5,,NONMODAL-R,,,
R_2WOPCoPFtXW4Tfa,Default Response Set,Anonymous,,,,0,3/24/2017 21:37,3/24/2017 21:40,1,1,1,,,,,,,,,,,,,,,,,,,,,,,,,,,,,,,,,,,,,,,,,,,,,,1,1,6,36.381,83.912,85.157,16,3,3,,32,2,,5,,4,6,,Indexical-R,,,
R_3iqjfr0wx5Wtx87,Default Response Set,Anonymous,,,,0,3/24/2017 21:38,3/24/2017 21:40,1,1,1,,,,,,,,,,,,,,,,,,,1,1,7,85.343,85.354,85.841,2,2,2,,,,,,,,,,,,,,,,,,,,,,,,,,,,,39,1,,5,,5,4,,MODAL-R,,,
R_YVwrlwT9vktfeZX,Default Response Set,Anonymous,,,,0,3/24/2017 21:55,3/24/2017 22:00,1,1,1,1,1,1,64.501,90.445,93.54,3,1,2,,,,,,,,,,,,,,,,,,,,,,,,,,,,,,,,,,,,,,,,,,,,,,,44,2,,5,,5,7,,MODAL-C,,,
R_wXXsS5j1iT2jzJT,Default Response Set,Anonymous,,,,0,3/24/2017 21:55,3/24/2017 22:00,1,1,1,1,1,4,232.083,232.083,232.91,1,2,2,,,,,,,,,,,,,,,,,,,,,,,,,,,,,,,,,,,,,,,,,,,,,,,44,2,,5,,4,6,,MODAL-C,,,
R_1ze7d5ROYl1A4Vz,Default Response Set,Anonymous,,,,0,3/24/2017 22:02,3/24/2017 22:04,1,1,1,,,,,,,,,,,,,,,,,,,,,,,,,,,,,,,,,,,,,,,,,,,,,,1,1,4,32.222,67.568,68.249,5,3,3,,41,2,,5,,4,7,,Indexical-R,,,
R_3HMumQPH1m6YhXV,Default Response Set,Anonymous,,,,0,3/24/2017 22:14,3/24/2017 22:15,1,1,1,,,,,,,,,,,,,,,,,,,,,,,,,,,,1,1,6,51.314,51.314,52.149,1,1,2,,,,,,,,,,,,,,,,,,,,40,2,,5,,6,5,,NONMODAL-R,,,
R_2TnOakUh2HCmrzW,Default Response Set,Anonymous,,,,0,3/24/2017 22:14,3/24/2017 22:18,1,1,1,,,,,,,,,,,,,,,,,,,,,,,,,,,,,,,,,,,,,1,1,1,10.794,162.322,163.16,3,1,2,,,,,,,,,,,30,1,,5,,4,8,,Indexical-C,,,
R_2vi67uDX5cveiMY,Default Response Set,Anonymous,,,,0,3/24/2017 23:11,3/24/2017 23:15,1,1,1,,,,,,,,,,,,,,,,,,,1,1,7,100.53,100.53,102.338,1,2,2,,,,,,,,,,,,,,,,,,,,,,,,,,,,,44,1,,5,,4,7,,MODAL-R,,,
R_3E9DOdBoXyNjDIZ,Default Response Set,Anonymous,,,,0,3/24/2017 23:24,3/24/2017 23:26,1,1,1,,,,,,,,,,,,,,,,,,,,,,,,,,,,1,1,4,48.033,70.091,70.903,9,1,1,,,,,,,,,,,,,,,,,,,,28,1,,2,,5,6,,NONMODAL-R,,,
R_1jpNoyMgMG26o1a,Default Response Set,Anonymous,,,,0,3/24/2017 23:24,3/24/2017 23:26,1,1,1,,,,,,,,,,1,1,4,73.254,73.254,74.876,1,2,2,,,,,,,,,,,,,,,,,,,,,,,,,,,,,,,,,,,,,,35,1,,5,,4,6,,NONMODAL-C,,,
R_1plBwEUKoN48MUn,Default Response Set,Anonymous,,,,0,3/24/2017 23:25,3/24/2017 23:26,1,1,1,,,,,,,,,,,,,,,,,,,,,,,,,,,,,,,,,,,,,,,,,,,,,,1,1,6,52.407,53.252,54.013,2,1,2,,33,1,,5,,4,8,,Indexical-R,,,
R_2czLYrEczAP4AfE,Default Response Set,Anonymous,,,,0,3/24/2017 23:23,3/24/2017 23:28,1,1,1,,,,,,,,,,,,,,,,,,,1,1,7,126.91,131.215,133.466,3,1,2,,,,,,,,,,,,,,,,,,,,,,,,,,,,,46,1,,5,,4,6,,MODAL-R,,,
R_3Vs3drqqEUwgXVn,Default Response Set,Anonymous,,,,0,3/24/2017 23:26,3/24/2017 23:28,1,1,1,1,1,1,56.833,56.833,59.801,1,2,2,,,,,,,,,,,,,,,,,,,,,,,,,,,,,,,,,,,,,,,,,,,,,,,54,1,,5,,5,6,,MODAL-C,,,
R_25H0yr0AbmavfA6,Default Response Set,Anonymous,,,,0,3/24/2017 23:25,3/24/2017 23:29,1,1,1,,,,,,,,,,1,1,4,57.276,57.276,59.114,1,2,2,,,,,,,,,,,,,,,,,,,,,,,,,,,,,,,,,,,,,,36,2,,6,,5,4,,NONMODAL-C,,,
R_2c1kt5KZD3DQFWp,Default Response Set,Anonymous,,,,0,3/24/2017 23:26,3/24/2017 23:29,1,1,1,,,,,,,,,,,,,,,,,,,,,,,,,,,,,,,,,,,,,1,1,2,38.088,111.025,112.275,6,1,2,,,,,,,,,,,42,2,,5,,5,4,,Indexical-C,,,
R_UMbHUbFdY0rQd2h,Default Response Set,Anonymous,,,,0,3/24/2017 23:30,3/24/2017 23:32,1,1,1,1,1,6,67.775,67.775,72.962,1,1,2,,,,,,,,,,,,,,,,,,,,,,,,,,,,,,,,,,,,,,,,,,,,,,,26,2,,3,,8,4,,MODAL-C,,,
R_1Krr7gNs96mdyp7,Default Response Set,Anonymous,,,,0,3/24/2017 23:32,3/24/2017 23:33,1,1,1,,,,,,,,,,1,1,7,18.86,26.302,26.89,6,2,2,,,,,,,,,,,,,,,,,,,,,,,,,,,,,,,,,,,,,,34,1,,5,,5,6,,NONMODAL-C,,,
R_SIVvp6YgAUXjyb7,Default Response Set,Anonymous,,,,0,3/24/2017 23:34,3/24/2017 23:35,1,1,1,,,,,,,,,,,,,,,,,,,,,,,,,,,,1,1,5,27.286,27.949,28.852,2,1,2,,,,,,,,,,,,,,,,,,,,39,1,,5,,8,3,,NONMODAL-R,,,
R_umgxcQXlkcJOhAl,Default Response Set,Anonymous,,,,0,3/24/2017 23:43,3/24/2017 23:47,1,1,1,,,,,,,,,,,,,,,,,,,,,,,,,,,,,,,,,,,,,,,,,,,,,,1,1,7,113.899,113.899,116.39,1,3,3,,53,2,,5,,5,4,,Indexical-R,,,
R_3FX4wiI6seovXwC,Default Response Set,Anonymous,,,,0,3/24/2017 23:44,3/24/2017 23:48,1,1,1,,,,,,,,,,,,,,,,,,,,,,,,,,,,,,,,,,,,,1,1,1,123.729,123.729,124.734,1,1,2,,,,,,,,,,,32,1,,5,,5,3,,Indexical-C,,,
R_1PUGtAFBOqJDky0,Default Response Set,Anonymous,,,,0,3/24/2017 23:57,3/25/2017 0:01,1,1,1,,,,,,,,,,,,,,,,,,,1,1,3,136.245,143.895,144.887,6,2,2,,,,,,,,,,,,,,,,,,,,,,,,,,,,,27,1,,5,,5,7,,MODAL-R,,,
R_3R1oEHHc054WRce,Default Response Set,Anonymous,,,,0,3/25/2017 0:24,3/25/2017 0:27,1,1,1,,,,,,,,,,,,,,,,,,,,,,,,,,,,,,,,,,,,,,,,,,,,,,1,1,7,137.761,137.761,144.931,1,3,3,,45,2,,5,,4,6,,Indexical-R,,,
R_10Jj4AR4VOrZOJj,Default Response Set,Anonymous,,,,0,3/25/2017 0:36,3/25/2017 0:38,1,1,1,,,,,,,,,,,,,,,,,,,,,,,,,,,,,,,,,,,,,1,1,1,69.132,69.132,70.589,1,1,2,,,,,,,,,,,23,1,,5,,4,9,,Indexical-C,,,
R_RCYEX4QDnAGPUaZ,Default Response Set,Anonymous,,,,0,3/25/2017 0:55,3/25/2017 0:57,1,1,1,1,1,7,44.102,44.102,49.733,1,1,1,,,,,,,,,,,,,,,,,,,,,,,,,,,,,,,,,,,,,,,,,,,,,,,47,1,,1,,4,6,,MODAL-C,,,
R_214Kw2fU6xsm7Rn,Default Response Set,Anonymous,,,,0,3/25/2017 1:04,3/25/2017 1:08,1,1,1,,,,,,,,,,1,1,6,146.773,146.773,147.874,1,2,2,,,,,,,,,,,,,,,,,,,,,,,,,,,,,,,,,,,,,,55,2,,5,,4,8,,NONMODAL-C,,,
R_2tnSC6r1Pt7OeAp,Default Response Set,Anonymous,,,,0,3/25/2017 1:27,3/25/2017 1:31,1,1,1,,,,,,,,,,,,,,,,,,,1,1,6,20.635,161.971,162.809,10,1,2,,,,,,,,,,,,,,,,,,,,,,,,,,,,,23,1,,5,,5,7,,MODAL-R,,,
R_2S9nTQAMw6iaAo0,Default Response Set,Anonymous,,,,0,3/25/2017 1:31,3/25/2017 1:35,1,1,1,,,,,,,,,,,,,,,,,,,,,,,,,,,,1,1,2,92.234,92.234,97.376,1,1,2,,,,,,,,,,,,,,,,,,,,27,1,,5,,5,4,,NONMODAL-R,,,
R_2wyR6jNlVGkHfbi,Default Response Set,Anonymous,,,,0,3/25/2017 1:38,3/25/2017 1:41,1,1,1,1,1,7,61.97,61.97,81.691,1,1,2,,,,,,,,,,,,,,,,,,,,,,,,,,,,,,,,,,,,,,,,,,,,,,,59,2,,5,,4,5,,MODAL-C,,,
R_0BR0URIbcFuTJgR,Default Response Set,Anonymous,,,,0,3/25/2017 4:29,3/25/2017 4:31,1,1,1,,,,,,,,,,,,,,,,,,,1,1,6,2.81,84.25,85.217,7,1,2,,,,,,,,,,,,,,,,,,,,,,,,,,,,,35,1,,5,,5,8,,MODAL-R,,,
R_1IN1yMPBAKZpwXw,Default Response Set,Anonymous,,,,0,3/25/2017 7:25,3/25/2017 7:26,1,1,1,,,,,,,,,,1,1,7,5.175,28.311,29.104,3,1,2,,,,,,,,,,,,,,,,,,,,,,,,,,,,,,,,,,,,,,28,1,,5,,4,8,,NONMODAL-C,,,
R_YQ7AFgR2vGsRU3v,Default Response Set,Anonymous,,,,0,3/25/2017 7:28,3/25/2017 7:34,1,1,1,,,,,,,,,,,,,,,,,,,,,,,,,,,,1,1,7,11.845,160.993,162.291,9,1,2,,,,,,,,,,,,,,,,,,,,61,1,,5,,4,7,,NONMODAL-R,,,
R_1myZvzn2EdH9pME,Default Response Set,Anonymous,,,,0,3/25/2017 7:42,3/25/2017 7:45,1,1,1,,,,,,,,,,,,,,,,,,,,,,,,,,,,,,,,,,,,,1,1,1,60.148,76.376,86.16,3,3,1,,,,,,,,,,,64,1,,5,,2,6,,Indexical-C,,,
R_3gXjoALgZTwi9GL,Default Response Set,Anonymous,,,,0,3/25/2017 8:28,3/25/2017 8:30,1,1,1,,,,,,,,,,,,,,,,,,,,,,,,,,,,,,,,,,,,,,,,,,,,,,1,1,7,80.308,89.926,97.521,4,3,3,,55,2,,5,,5,7,,Indexical-R,,,
R_29siFmnInt2sBNH,Default Response Set,Anonymous,,,,0,3/25/2017 10:09,3/25/2017 10:10,1,1,1,1,1,4,29.783,30.775,31.469,2,2,2,,,,,,,,,,,,,,,,,,,,,,,,,,,,,,,,,,,,,,,,,,,,,,,45,1,,5,,6,5,,MODAL-C,,,
R_sTDgRV9cfRfrqnv,Default Response Set,Anonymous,,,,0,3/25/2017 10:37,3/25/2017 10:40,1,1,1,,,,,,,,,,,,,,,,,,,,,,,,,,,,,,,,,,,,,,,,,,,,,,1,1,5,110.139,110.139,111.104,1,3,3,,32,2,,5,,7,5,,Indexical-R,,,
R_TtnokP6pDE8rw7T,Default Response Set,Anonymous,,,,0,3/25/2017 10:45,3/25/2017 10:46,1,1,1,,,,,,,,,,1,1,6,39.905,39.905,41.228,1,1,2,,,,,,,,,,,,,,,,,,,,,,,,,,,,,,,,,,,,,,25,2,,5,,5,5,,NONMODAL-C,,,
R_22JScW6bHUAILAm,Default Response Set,Anonymous,,,,0,3/25/2017 10:46,3/25/2017 10:48,1,1,1,,,,,,,,,,,,,,,,,,,,,,,,,,,,,,,,,,,,,1,1,1,55.471,55.471,71.058,1,1,2,,,,,,,,,,,25,1,,5,,3,7,,Indexical-C,,,
R_3qX2F3noDFHVIFF,Default Response Set,Anonymous,,,,0,3/25/2017 10:44,3/25/2017 10:49,1,1,1,,,,,,,,,,,,,,,,,,,1,1,4,8.288,130.136,132.21,4,1,2,,,,,,,,,,,,,,,,,,,,,,,,,,,,,47,2,,5,,3,9,,MODAL-R,,,
R_UWlFyzsXsc9JvUt,Default Response Set,Anonymous,,,,0,3/25/2017 10:47,3/25/2017 10:49,1,1,1,,,,,,,,,,,,,,,,,,,,,,,,,,,,1,1,6,100.407,101.382,102.198,3,1,2,,,,,,,,,,,,,,,,,,,,31,1,,5,,4,6,,NONMODAL-R,,,
R_1hFFZKkA2GD3FGp,Default Response Set,Anonymous,,,,0,3/25/2017 10:48,3/25/2017 10:50,1,1,1,,,,,,,,,,,,,,,,,,,,,,,,,,,,,,,,,,,,,,,,,,,,,,1,1,7,58.454,58.921,59.618,2,1,2,,27,1,,5,,5,7,,Indexical-R,,,
R_DOVxIopQgjSJmdX,Default Response Set,Anonymous,,,,0,3/25/2017 10:54,3/25/2017 10:54,1,1,1,,,,,,,,,,,,,,,,,,,,,,,,,,,,,,,,,,,,,1,1,4,10.019,10.915,11.596,2,3,2,,,,,,,,,,,32,1,,5,,4,6,,Indexical-C,,,
R_3sJe08PefumHOuZ,Default Response Set,Anonymous,,,,0,3/25/2017 10:54,3/25/2017 10:55,1,1,1,,,,,,,,,,1,1,6,1.705,2.52,3.434,3,1,2,,,,,,,,,,,,,,,,,,,,,,,,,,,,,,,,,,,,,,24,1,,3,,5,9,,NONMODAL-C,,,
R_1Kr8rRzyealwun8,Default Response Set,Anonymous,,,,0,3/25/2017 10:50,3/25/2017 10:56,1,1,1,,,,,,,,,,,,,,,,,,,1,1,4,255.618,255.618,257.396,1,1,2,,,,,,,,,,,,,,,,,,,,,,,,,,,,,34,2,,2,,2,8,,MODAL-R,,,
R_24GIAZICE4lHmWx,Default Response Set,Anonymous,,,,0,3/25/2017 10:54,3/25/2017 10:57,1,1,1,1,1,7,3.9,100.555,110.37,2,2,2,,,,,,,,,,,,,,,,,,,,,,,,,,,,,,,,,,,,,,,,,,,,,,,56,2,,5,,4,5,,MODAL-C,,,
R_0oZoJbXxxZWv8qt,Default Response Set,Anonymous,,,,0,3/25/2017 10:58,3/25/2017 11:00,1,1,1,,,,,,,,,,,,,,,,,,,,,,,,,,,,1,1,4,61.167,63.855,64.744,2,2,2,,,,,,,,,,,,,,,,,,,,26,1,,5,,2,8,,NONMODAL-R,,,
R_2rDAhznI1aOFVSs,Default Response Set,Anonymous,,,,0,3/25/2017 11:13,3/25/2017 11:15,1,1,1,,,,,,,,,,,,,,,,,,,,,,,,,,,,1,1,4,16.166,99.381,100.567,9,2,2,,,,,,,,,,,,,,,,,,,,60,1,,5,,5,5,,NONMODAL-R,,,
R_VW66REKqt2ljABj,Default Response Set,Anonymous,,,,0,3/25/2017 11:32,3/25/2017 11:34,1,1,1,1,1,3,50.347,50.347,51.587,1,2,2,,,,,,,,,,,,,,,,,,,,,,,,,,,,,,,,,,,,,,,,,,,,,,,45,1,,2,,,4,,MODAL-C,,,
R_2zx3UIfZkQVTYgY,Default Response Set,Anonymous,,,,0,3/25/2017 11:36,3/25/2017 11:42,1,1,1,,,,,,,,,,,,,,,,,,,,,,,,,,,,,,,,,,,,,1,1,5,253.226,253.226,254.014,1,2,1,,,,,,,,,,,59,2,,5,,5,6,,Indexical-C,,,
R_3M9Dqk5OqRQcR8d,Default Response Set,Anonymous,,,,0,3/25/2017 13:26,3/25/2017 13:28,1,1,1,,,,,,,,,,1,1,6,56.757,57.573,58.323,2,2,2,,,,,,,,,,,,,,,,,,,,,,,,,,,,,,,,,,,,,,35,1,,5,,4,7,,NONMODAL-C,,,
R_2ykMzH34cyh5XIA,Default Response Set,Anonymous,,,,0,3/25/2017 13:26,3/25/2017 13:29,1,1,1,,,,,,,,,,,,,,,,,,,,,,,,,,,,,,,,,,,,,1,1,7,49.03,49.656,53.191,2,1,2,,,,,,,,,,,21,1,,2,,4,10,,Indexical-C,,,
R_1q84pNWS0Iwp0Yw,Default Response Set,Anonymous,,,,0,3/25/2017 13:28,3/25/2017 13:30,1,1,1,1,1,6,75.393,75.393,76.636,1,2,2,,,,,,,,,,,,,,,,,,,,,,,,,,,,,,,,,,,,,,,,,,,,,,,49,1,,5,,4,9,,MODAL-C,,,
R_3oEFVc6eznqeyf5,Default Response Set,Anonymous,,,,0,3/25/2017 13:28,3/25/2017 13:31,1,1,1,,,,,,,,,,,,,,,,,,,,,,,,,,,,,,,,,,,,,,,,,,,,,,1,1,6,96.207,96.207,97.402,1,3,3,,40,2,,5,,5,3,,Indexical-R,,,
R_yyAZNRbj3UHzm4F,Default Response Set,Anonymous,,,,0,3/25/2017 13:29,3/25/2017 13:32,1,1,1,,,,,,,,,,,,,,,,,,,1,1,5,66.232,75.5,76.343,2,2,2,,,,,,,,,,,,,,,,,,,,,,,,,,,,,58,1,,5,,2,4,,MODAL-R,,,
R_3smDgxnqTi9jHZa,Default Response Set,Anonymous,,,,0,3/25/2017 13:38,3/25/2017 13:40,1,1,1,,,,,,,,,,1,1,7,37.719,37.719,38.736,1,2,2,,,,,,,,,,,,,,,,,,,,,,,,,,,,,,,,,,,,,,44,1,,4,,5,5,,NONMODAL-C,,,
R_2wHR3M1z6t6htOA,Default Response Set,Anonymous,,,,0,3/25/2017 13:39,3/25/2017 13:42,1,1,1,,,,,,,,,,,,,,,,,,,,,,,,,,,,1,1,7,88.323,88.323,95.435,1,1,2,,,,,,,,,,,,,,,,,,,,27,2,,5,,5,4,,NONMODAL-R,,,
R_29sTrc1vu56lvbj,Default Response Set,Anonymous,,,,0,3/25/2017 13:44,3/25/2017 13:46,1,1,1,1,1,2,69.967,69.967,77.777,1,1,2,,,,,,,,,,,,,,,,,,,,,,,,,,,,,,,,,,,,,,,,,,,,,,,45,2,,5,,2,6,,MODAL-C,,,
R_1FzXq8e9d0HUxOF,Default Response Set,Anonymous,,,,0,3/25/2017 13:55,3/25/2017 13:57,1,1,1,,,,,,,,,,,,,,,,,,,,,,,,,,,,1,1,7,31.761,42.458,50.567,4,2,2,,,,,,,,,,,,,,,,,,,,33,1,,3,,5,6,,NONMODAL-R,,,
R_3rSQIXLMEMgTGO1,Default Response Set,Anonymous,,,,0,3/25/2017 14:01,3/25/2017 14:03,1,1,1,,,,,,,,,,1,1,5,43.055,43.055,43.822,1,1,2,,,,,,,,,,,,,,,,,,,,,,,,,,,,,,,,,,,,,,24,,,5,,5,6,,NONMODAL-C,,,
R_3k5rMhQuKuzDNng,Default Response Set,Anonymous,,,,0,3/25/2017 13:59,3/25/2017 14:03,1,1,1,,,,,,,,,,,,,,,,,,,,,,,,,,,,,,,,,,,,,1,1,7,157.504,159.512,160.767,2,1,2,,,,,,,,,,,37,2,,5,,2,7,,Indexical-C,,,
R_1NEX3wc31zC1f6W,Default Response Set,Anonymous,,,,0,3/25/2017 14:09,3/25/2017 14:11,1,1,1,,,,,,,,,,,,,,,,,,,,,,,,,,,,,,,,,,,,,,,,,,,,,,1,1,6,70.118,70.886,72.909,2,3,3,,32,1,,5,,5,8,,Indexical-R,,,
R_3k4H7MynjI25Rkl,Default Response Set,Anonymous,,,,0,3/25/2017 14:19,3/25/2017 14:23,1,1,1,,,,,,,,,,,,,,,,,,,1,1,6,3.522,119.21,120.977,31,1,2,,,,,,,,,,,,,,,,,,,,,,,,,,,,,66,2,,5,,5,5,,MODAL-R,,,
R_2wSr5xvIowUpEhQ,Default Response Set,Anonymous,,,,0,3/25/2017 14:50,3/25/2017 14:52,1,1,1,,,,,,,,,,,,,,,,,,,,,,,,,,,,,,,,,,,,,,,,,,,,,,1,1,4,6.165,75.097,76.159,2,3,3,,53,2,,5,,5,7,,Indexical-R,,,
R_2EpcifxFlY62oOq,Default Response Set,Anonymous,,,,0,3/25/2017 14:50,3/25/2017 14:55,1,1,1,1,1,6,9.143,161.426,164.361,8,1,2,,,,,,,,,,,,,,,,,,,,,,,,,,,,,,,,,,,,,,,,,,,,,,,44,2,,5,,3,6,,MODAL-C,,,
R_2wgYksXRGwTMyC6,Default Response Set,Anonymous,,,,0,3/25/2017 14:59,3/25/2017 15:02,1,1,1,,,,,,,,,,,,,,,,,,,,,,,,,,,,,,,,,,,,,1,1,2,119.909,124.493,126.472,6,1,2,,,,,,,,,,,23,2,,3,,5,7,,Indexical-C,,,
R_3qHW21TsfRWsbjc,Default Response Set,Anonymous,,,,0,3/25/2017 15:33,3/25/2017 15:35,1,1,1,,,,,,,,,,1,1,7,4.612,80.203,81.351,5,2,2,,,,,,,,,,,,,,,,,,,,,,,,,,,,,,,,,,,,,,74,1,,5,,4,7,,NONMODAL-C,,,
R_BYwKFuL4CovyO8V,Default Response Set,Anonymous,,,,0,3/25/2017 15:57,3/25/2017 15:59,1,1,1,,,,,,,,,,,,,,,,,,,1,1,2,50.771,51.746,60.915,2,1,2,,,,,,,,,,,,,,,,,,,,,,,,,,,,,24,2,,5,,5,6,,MODAL-R,,,
R_VR9p2UxgMLcNWtb,Default Response Set,Anonymous,,,,0,3/25/2017 16:00,3/25/2017 16:04,1,1,1,,,,,,,,,,,,,,,,,,,,,,,,,,,,1,1,7,131.779,131.779,133.258,1,1,2,,,,,,,,,,,,,,,,,,,,53,1,,5,,4,7,,NONMODAL-R,,,
R_1NEaQLg4oy3d6W6,Default Response Set,Anonymous,,,,0,3/25/2017 15:57,3/25/2017 16:12,1,1,1,,,,,,,,,,,,,,,,,,,,,,,,,,,,1,1,7,4.259,537.654,546.88,39,1,2,,,,,,,,,,,,,,,,,,,,27,1,,2,,2,9,,NONMODAL-R,,,
R_1HdTTPbH27V8gAx,Default Response Set,Anonymous,,,,0,3/25/2017 16:11,3/25/2017 16:14,1,1,1,,,,,,,,,,,,,,,,,,,,,,,,,,,,,,,,,,,,,1,1,6,101.594,101.594,103.56,1,1,2,,,,,,,,,,,45,1,,5,,7,7,,Indexical-C,,,
R_2cAu7UpIqkNW504,Default Response Set,Anonymous,,,,0,3/25/2017 16:34,3/25/2017 16:36,1,1,1,,,,,,,,,,1,1,4,56.551,56.551,57.286,1,2,2,,,,,,,,,,,,,,,,,,,,,,,,,,,,,,,,,,,,,,40,2,,5,,5,7,,NONMODAL-C,,,
